"module name","name","version","description","licenses","licenseFile","licenseModified"
"@ampproject/remapping@2.2.0","@ampproject/remapping","2.2.0","Remap sequential sourcemaps through transformations to point at the original source code","Apache-2.0","node_modules/@ampproject/remapping/LICENSE",""
"@apidevtools/json-schema-ref-parser@9.1.0","@apidevtools/json-schema-ref-parser","9.1.0","Parse, Resolve, and Dereference JSON Schema $ref pointers","MIT","node_modules/@apidevtools/json-schema-ref-parser/LICENSE",""
"@apidevtools/openapi-schemas@2.1.0","@apidevtools/openapi-schemas","2.1.0","JSON Schemas for every version of the OpenAPI Specification","MIT","node_modules/@apidevtools/openapi-schemas/LICENSE",""
"@apidevtools/swagger-methods@3.0.2","@apidevtools/swagger-methods","3.0.2","HTTP methods that are supported by Swagger 2.0","MIT","node_modules/@apidevtools/swagger-methods/LICENSE",""
"@apidevtools/swagger-parser@10.0.3","@apidevtools/swagger-parser","10.0.3","Swagger 2.0 and OpenAPI 3.0 parser and validator for Node and browsers","MIT","node_modules/@apidevtools/swagger-parser/LICENSE",""
"@babel/code-frame@7.18.6","@babel/code-frame","7.18.6","Generate errors that contain a code frame that point to source locations.","MIT","node_modules/@babel/code-frame/LICENSE",""
"@babel/compat-data@7.20.10","@babel/compat-data","7.20.10",">","MIT","node_modules/@babel/compat-data/LICENSE",""
"@babel/core@7.20.7","@babel/core","7.20.7","Babel compiler core.","MIT","node_modules/@babel/core/LICENSE",""
"@babel/generator@7.20.7","@babel/generator","7.20.7","Turns an AST into code.","MIT","node_modules/@babel/generator/LICENSE",""
"@babel/helper-compilation-targets@7.20.7","@babel/helper-compilation-targets","7.20.7","Helper functions on Babel compilation targets","MIT","node_modules/@babel/helper-compilation-targets/LICENSE",""
"@babel/helper-environment-visitor@7.18.9","@babel/helper-environment-visitor","7.18.9","Helper visitor to only visit nodes in the current 'this' context","MIT","node_modules/@babel/helper-environment-visitor/LICENSE",""
"@babel/helper-function-name@7.19.0","@babel/helper-function-name","7.19.0","Helper function to change the property 'name' of every function","MIT","node_modules/@babel/helper-function-name/LICENSE",""
"@babel/helper-hoist-variables@7.18.6","@babel/helper-hoist-variables","7.18.6","Helper function to hoist variables","MIT","node_modules/@babel/helper-hoist-variables/LICENSE",""
"@babel/helper-module-imports@7.18.6","@babel/helper-module-imports","7.18.6","Babel helper functions for inserting module loads","MIT","node_modules/@babel/helper-module-imports/LICENSE",""
"@babel/helper-module-transforms@7.20.11","@babel/helper-module-transforms","7.20.11","Babel helper functions for implementing ES6 module transformations","MIT","node_modules/@babel/helper-module-transforms/LICENSE",""
"@babel/helper-plugin-utils@7.20.2","@babel/helper-plugin-utils","7.20.2","General utilities for plugins to use","MIT","node_modules/@babel/helper-plugin-utils/LICENSE",""
"@babel/helper-simple-access@7.20.2","@babel/helper-simple-access","7.20.2","Babel helper for ensuring that access to a given value is performed through simple accesses","MIT","node_modules/@babel/helper-simple-access/LICENSE",""
"@babel/helper-split-export-declaration@7.18.6","@babel/helper-split-export-declaration","7.18.6",">","MIT","node_modules/@babel/helper-split-export-declaration/LICENSE",""
"@babel/helper-string-parser@7.19.4","@babel/helper-string-parser","7.19.4","A utility package to parse strings","MIT","node_modules/@babel/helper-string-parser/LICENSE",""
"@babel/helper-validator-identifier@7.19.1","@babel/helper-validator-identifier","7.19.1","Validate identifier/keywords name","MIT","node_modules/@babel/helper-validator-identifier/LICENSE",""
"@babel/helper-validator-option@7.18.6","@babel/helper-validator-option","7.18.6","Validate plugin/preset options","MIT","node_modules/@babel/helper-validator-option/LICENSE",""
"@babel/helpers@7.20.7","@babel/helpers","7.20.7","Collection of helper functions used by Babel transforms.","MIT","node_modules/@babel/helpers/LICENSE",""
"@babel/highlight@7.18.6","@babel/highlight","7.18.6","Syntax highlight JavaScript strings for output in terminals.","MIT","node_modules/@babel/highlight/LICENSE",""
"@babel/parser@7.20.7","@babel/parser","7.20.7","A JavaScript parser","MIT","node_modules/@babel/parser/LICENSE",""
"@babel/plugin-syntax-async-generators@7.8.4","@babel/plugin-syntax-async-generators","7.8.4","Allow parsing of async generator functions","MIT","node_modules/@babel/plugin-syntax-async-generators/LICENSE",""
"@babel/plugin-syntax-bigint@7.8.3","@babel/plugin-syntax-bigint","7.8.3","Allow parsing of BigInt literals","MIT","node_modules/@babel/plugin-syntax-bigint/LICENSE",""
"@babel/plugin-syntax-class-properties@7.12.13","@babel/plugin-syntax-class-properties","7.12.13","Allow parsing of class properties","MIT","node_modules/@babel/plugin-syntax-class-properties/LICENSE",""
"@babel/plugin-syntax-import-meta@7.10.4","@babel/plugin-syntax-import-meta","7.10.4","Allow parsing of import.meta","MIT","node_modules/@babel/plugin-syntax-import-meta/LICENSE",""
"@babel/plugin-syntax-json-strings@7.8.3","@babel/plugin-syntax-json-strings","7.8.3","Allow parsing of the U+2028 LINE SEPARATOR and U+2029 PARAGRAPH SEPARATOR in JS strings","MIT","node_modules/@babel/plugin-syntax-json-strings/LICENSE",""
"@babel/plugin-syntax-jsx@7.18.6","@babel/plugin-syntax-jsx","7.18.6","Allow parsing of jsx","MIT","node_modules/@babel/plugin-syntax-jsx/LICENSE",""
"@babel/plugin-syntax-logical-assignment-operators@7.10.4","@babel/plugin-syntax-logical-assignment-operators","7.10.4","Allow parsing of the logical assignment operators","MIT","node_modules/@babel/plugin-syntax-logical-assignment-operators/LICENSE",""
"@babel/plugin-syntax-nullish-coalescing-operator@7.8.3","@babel/plugin-syntax-nullish-coalescing-operator","7.8.3","Allow parsing of the nullish-coalescing operator","MIT","node_modules/@babel/plugin-syntax-nullish-coalescing-operator/LICENSE",""
"@babel/plugin-syntax-numeric-separator@7.10.4","@babel/plugin-syntax-numeric-separator","7.10.4","Allow parsing of Decimal, Binary, Hex and Octal literals that contain a Numeric Literal Separator","MIT","node_modules/@babel/plugin-syntax-numeric-separator/LICENSE",""
"@babel/plugin-syntax-object-rest-spread@7.8.3","@babel/plugin-syntax-object-rest-spread","7.8.3","Allow parsing of object rest/spread","MIT","node_modules/@babel/plugin-syntax-object-rest-spread/LICENSE",""
"@babel/plugin-syntax-optional-catch-binding@7.8.3","@babel/plugin-syntax-optional-catch-binding","7.8.3","Allow parsing of optional catch bindings","MIT","node_modules/@babel/plugin-syntax-optional-catch-binding/LICENSE",""
"@babel/plugin-syntax-optional-chaining@7.8.3","@babel/plugin-syntax-optional-chaining","7.8.3","Allow parsing of optional properties","MIT","node_modules/@babel/plugin-syntax-optional-chaining/LICENSE",""
"@babel/plugin-syntax-top-level-await@7.14.5","@babel/plugin-syntax-top-level-await","7.14.5","Allow parsing of top-level await in modules","MIT","node_modules/@babel/plugin-syntax-top-level-await/LICENSE",""
"@babel/plugin-syntax-typescript@7.20.0","@babel/plugin-syntax-typescript","7.20.0","Allow parsing of TypeScript syntax","MIT","node_modules/@babel/plugin-syntax-typescript/LICENSE",""
"@babel/template@7.20.7","@babel/template","7.20.7","Generate an AST from a string template.","MIT","node_modules/@babel/template/LICENSE",""
"@babel/traverse@7.20.10","@babel/traverse","7.20.10","The Babel Traverse module maintains the overall tree state, and is responsible for replacing, removing, and adding nodes","MIT","node_modules/@babel/traverse/LICENSE",""
"@babel/types@7.20.7","@babel/types","7.20.7","Babel Types is a Lodash-esque utility library for AST nodes","MIT","node_modules/@babel/types/LICENSE",""
"@bcoe/v8-coverage@0.2.3","@bcoe/v8-coverage","0.2.3","Helper functions for V8 coverage files.","MIT","node_modules/@bcoe/v8-coverage/LICENSE.md",""
"@cspotcode/source-map-support@0.8.1","@cspotcode/source-map-support","0.8.1","Fixes stack traces for files with source maps","MIT","node_modules/@cspotcode/source-map-support/LICENSE.md",""
"@istanbuljs/load-nyc-config@1.1.0","@istanbuljs/load-nyc-config","1.1.0","Utility function to load nyc configuration","ISC","node_modules/@istanbuljs/load-nyc-config/LICENSE",""
"@istanbuljs/schema@0.1.3","@istanbuljs/schema","0.1.3","Schemas describing various structures used by nyc and istanbuljs","MIT","node_modules/@istanbuljs/schema/LICENSE",""
"@jest/console@29.3.1","@jest/console","29.3.1","","MIT","node_modules/@jest/console/LICENSE",""
"@jest/core@29.3.1","@jest/core","29.3.1","Delightful JavaScript Testing.","MIT","node_modules/@jest/core/LICENSE",""
"@jest/environment@29.3.1","@jest/environment","29.3.1","","MIT","node_modules/@jest/environment/LICENSE",""
"@jest/expect-utils@29.3.1","@jest/expect-utils","29.3.1","This module exports some utils for the `expect` function used in [Jest](https://jestjs.io/).","MIT","node_modules/@jest/expect-utils/LICENSE",""
"@jest/expect@29.3.1","@jest/expect","29.3.1","This package extends `expect` library with `jest-snapshot` matchers. It exports `jestExpect` object, which can be used as standalone replacement of `expect`.","MIT","node_modules/@jest/expect/LICENSE",""
"@jest/fake-timers@29.3.1","@jest/fake-timers","29.3.1","","MIT","node_modules/@jest/fake-timers/LICENSE",""
"@jest/globals@29.3.1","@jest/globals","29.3.1","","MIT","node_modules/@jest/globals/LICENSE",""
"@jest/reporters@29.3.1","@jest/reporters","29.3.1","Jest's reporters","MIT","node_modules/@jest/reporters/LICENSE",""
"@jest/schemas@29.0.0","@jest/schemas","29.0.0","Experimental and currently incomplete module for JSON schemas for [Jest's](https://jestjs.io/) configuration.","MIT","node_modules/@jest/schemas/LICENSE",""
"@jest/source-map@29.2.0","@jest/source-map","29.2.0","","MIT","node_modules/@jest/source-map/LICENSE",""
"@jest/test-result@29.3.1","@jest/test-result","29.3.1","","MIT","node_modules/@jest/test-result/LICENSE",""
"@jest/test-sequencer@29.3.1","@jest/test-sequencer","29.3.1","","MIT","node_modules/@jest/test-sequencer/LICENSE",""
"@jest/transform@29.3.1","@jest/transform","29.3.1","","MIT","node_modules/@jest/transform/LICENSE",""
"@jest/types@29.3.1","@jest/types","29.3.1","This package contains shared types of Jest's packages.","MIT","node_modules/@jest/types/LICENSE",""
"@jridgewell/gen-mapping@0.1.1","@jridgewell/gen-mapping","0.1.1","Generate source maps","MIT","node_modules/@jridgewell/gen-mapping/LICENSE",""
"@jridgewell/gen-mapping@0.3.2","@jridgewell/gen-mapping","0.3.2","Generate source maps","MIT","node_modules/@babel/generator/node_modules/@jridgewell/gen-mapping/LICENSE",""
"@jridgewell/resolve-uri@3.1.0","@jridgewell/resolve-uri","3.1.0","Resolve a URI relative to an optional base URI","MIT","node_modules/@jridgewell/resolve-uri/LICENSE",""
"@jridgewell/set-array@1.1.2","@jridgewell/set-array","1.1.2","Like a Set, but provides the index of the `key` in the backing array","MIT","node_modules/@jridgewell/set-array/LICENSE",""
"@jridgewell/sourcemap-codec@1.4.14","@jridgewell/sourcemap-codec","1.4.14","Encode/decode sourcemap mappings","MIT","node_modules/@jridgewell/sourcemap-codec/LICENSE",""
"@jridgewell/trace-mapping@0.3.17","@jridgewell/trace-mapping","0.3.17","Trace the original position through a source map","MIT","node_modules/@jridgewell/trace-mapping/LICENSE",""
"@jridgewell/trace-mapping@0.3.9","@jridgewell/trace-mapping","0.3.9","Trace the original position through a source map","MIT","node_modules/@cspotcode/source-map-support/node_modules/@jridgewell/trace-mapping/LICENSE",""
"@jsdevtools/ono@7.1.3","@jsdevtools/ono","7.1.3","Throw better errors.","MIT","node_modules/@jsdevtools/ono/LICENSE",""
"@jsdoc/salty@0.2.2","@jsdoc/salty","0.2.2","A drop-in replacement for (some of) TaffyDB.","Apache-2.0","node_modules/@jsdoc/salty/LICENSE",""
"@sinclair/typebox@0.24.51","@sinclair/typebox","0.24.51","JSONSchema Type Builder with Static Type Resolution for TypeScript","MIT","node_modules/@sinclair/typebox/license",""
"@sindresorhus/is@0.14.0","@sindresorhus/is","0.14.0","Type check values: `is.string('ðŸ¦„') //=> true`","MIT","node_modules/@sindresorhus/is/license",""
"@sinonjs/commons@1.8.6","@sinonjs/commons","1.8.6","Simple functions shared among the sinon end user libraries","BSD-3-Clause","node_modules/@sinonjs/commons/LICENSE",""
"@sinonjs/fake-timers@9.1.2","@sinonjs/fake-timers","9.1.2","Fake JavaScript timers","BSD-3-Clause","node_modules/@sinonjs/fake-timers/LICENSE",""
"@szmarczak/http-timer@1.1.2","@szmarczak/http-timer","1.1.2","Timings for HTTP requests","MIT","node_modules/@szmarczak/http-timer/LICENSE",""
"@tsconfig/node10@1.0.9","@tsconfig/node10","1.0.9","A base TSConfig for working with Node 10.","MIT","node_modules/@tsconfig/node10/LICENSE",""
"@tsconfig/node12@1.0.11","@tsconfig/node12","1.0.11","A base TSConfig for working with Node 12.","MIT","node_modules/@tsconfig/node12/LICENSE",""
"@tsconfig/node14@1.0.3","@tsconfig/node14","1.0.3","A base TSConfig for working with Node 14.","MIT","node_modules/@tsconfig/node14/LICENSE",""
"@tsconfig/node16@1.0.3","@tsconfig/node16","1.0.3","A base TSConfig for working with Node 16.","MIT","node_modules/@tsconfig/node16/LICENSE",""
"@types/ajv@1.0.0","@types/ajv","1.0.0","Stub TypeScript definitions entry for ajv, which provides its own types definitions","MIT","node_modules/@types/ajv/README.md",""
"@types/babel__core@7.1.20","@types/babel__core","7.1.20","TypeScript definitions for @babel/core","MIT","node_modules/@types/babel__core/LICENSE",""
"@types/babel__generator@7.6.4","@types/babel__generator","7.6.4","TypeScript definitions for @babel/generator","MIT","node_modules/@types/babel__generator/LICENSE",""
"@types/babel__template@7.4.1","@types/babel__template","7.4.1","TypeScript definitions for @babel/template","MIT","node_modules/@types/babel__template/LICENSE",""
"@types/babel__traverse@7.18.3","@types/babel__traverse","7.18.3","TypeScript definitions for @babel/traverse","MIT","node_modules/@types/babel__traverse/LICENSE",""
"@types/body-parser@1.19.2","@types/body-parser","1.19.2","TypeScript definitions for body-parser","MIT","node_modules/@types/body-parser/LICENSE",""
"@types/connect@3.4.35","@types/connect","3.4.35","TypeScript definitions for connect","MIT","node_modules/@types/connect/LICENSE",""
"@types/cookiejar@2.1.2","@types/cookiejar","2.1.2","TypeScript definitions for CookieJar","MIT","node_modules/@types/cookiejar/LICENSE",""
"@types/dotenv@8.2.0","@types/dotenv","8.2.0","Stub TypeScript definitions entry for dotenv, which provides its own types definitions","MIT","node_modules/@types/dotenv/LICENSE",""
"@types/express-serve-static-core@4.17.31","@types/express-serve-static-core","4.17.31","TypeScript definitions for Express","MIT","node_modules/@types/express-serve-static-core/LICENSE",""
"@types/express@4.17.15","@types/express","4.17.15","TypeScript definitions for Express","MIT","node_modules/@types/express/LICENSE",""
"@types/graceful-fs@4.1.5","@types/graceful-fs","4.1.5","TypeScript definitions for graceful-fs","MIT","node_modules/@types/graceful-fs/LICENSE",""
"@types/istanbul-lib-coverage@2.0.4","@types/istanbul-lib-coverage","2.0.4","TypeScript definitions for istanbul-lib-coverage","MIT","node_modules/@types/istanbul-lib-coverage/LICENSE",""
"@types/istanbul-lib-report@3.0.0","@types/istanbul-lib-report","3.0.0","TypeScript definitions for istanbul-lib-report","MIT","node_modules/@types/istanbul-lib-report/LICENSE",""
"@types/istanbul-reports@3.0.1","@types/istanbul-reports","3.0.1","TypeScript definitions for istanbul-reports","MIT","node_modules/@types/istanbul-reports/LICENSE",""
"@types/jest@29.2.4","@types/jest","29.2.4","TypeScript definitions for Jest","MIT","node_modules/@types/jest/LICENSE",""
"@types/js-yaml@4.0.5","@types/js-yaml","4.0.5","TypeScript definitions for js-yaml","MIT","node_modules/@types/js-yaml/LICENSE",""
"@types/json-schema@7.0.11","@types/json-schema","7.0.11","TypeScript definitions for json-schema 4.0, 6.0 and","MIT","node_modules/@types/json-schema/LICENSE",""
"@types/linkify-it@3.0.2","@types/linkify-it","3.0.2","TypeScript definitions for linkify-it","MIT","node_modules/@types/linkify-it/LICENSE",""
"@types/markdown-it@12.2.3","@types/markdown-it","12.2.3","TypeScript definitions for markdown-it","MIT","node_modules/@types/markdown-it/LICENSE",""
"@types/mdurl@1.0.2","@types/mdurl","1.0.2","TypeScript definitions for mdurl","MIT","node_modules/@types/mdurl/LICENSE",""
"@types/mime@3.0.1","@types/mime","3.0.1","TypeScript definitions for mime","MIT","node_modules/@types/mime/LICENSE",""
"@types/node@18.11.18","@types/node","18.11.18","TypeScript definitions for Node.js","MIT","node_modules/@types/node/LICENSE",""
"@types/prettier@2.7.2","@types/prettier","2.7.2","TypeScript definitions for prettier","MIT","node_modules/@types/prettier/LICENSE",""
"@types/qs@6.9.7","@types/qs","6.9.7","TypeScript definitions for qs","MIT","node_modules/@types/qs/LICENSE",""
"@types/range-parser@1.2.4","@types/range-parser","1.2.4","TypeScript definitions for range-parser","MIT","node_modules/@types/range-parser/LICENSE",""
"@types/serve-static@1.15.0","@types/serve-static","1.15.0","TypeScript definitions for serve-static","MIT","node_modules/@types/serve-static/LICENSE",""
"@types/stack-utils@2.0.1","@types/stack-utils","2.0.1","TypeScript definitions for stack-utils","MIT","node_modules/@types/stack-utils/LICENSE",""
"@types/superagent@4.1.16","@types/superagent","4.1.16","TypeScript definitions for SuperAgent","MIT","node_modules/@types/superagent/LICENSE",""
"@types/supertest@2.0.12","@types/supertest","2.0.12","TypeScript definitions for SuperTest","MIT","node_modules/@types/supertest/LICENSE",""
"@types/swagger-jsdoc@6.0.1","@types/swagger-jsdoc","6.0.1","TypeScript definitions for swagger-jsdoc","MIT","node_modules/@types/swagger-jsdoc/LICENSE",""
"@types/yamljs@0.2.31","@types/yamljs","0.2.31","TypeScript definitions for yamljs","MIT","node_modules/@types/yamljs/LICENSE",""
"@types/yargs-parser@21.0.0","@types/yargs-parser","21.0.0","TypeScript definitions for yargs-parser","MIT","node_modules/@types/yargs-parser/LICENSE",""
"@types/yargs@17.0.17","@types/yargs","17.0.17","TypeScript definitions for yargs","MIT","node_modules/@types/yargs/LICENSE",""
"abbrev@1.1.1","abbrev","1.1.1","Like ruby's abbrev module, but in js","ISC","node_modules/abbrev/LICENSE",""
"accepts@1.3.8","accepts","1.3.8","Higher-level content negotiation","MIT","node_modules/accepts/LICENSE",""
"acorn-walk@8.2.0","acorn-walk","8.2.0","ECMAScript (ESTree) AST walker","MIT","node_modules/acorn-walk/LICENSE",""
"acorn@8.8.1","acorn","8.8.1","ECMAScript parser","MIT","node_modules/acorn/LICENSE",""
"ajv-formats@2.1.1","ajv-formats","2.1.1","Format validation for Ajv v7+","MIT","node_modules/ajv-formats/LICENSE",""
"ajv@8.11.2","ajv","8.11.2","Another JSON Schema Validator","MIT","node_modules/ajv/LICENSE",""
"ansi-align@3.0.1","ansi-align","3.0.1","align-text with ANSI support for CLIs","ISC","node_modules/ansi-align/LICENSE",""
"ansi-escapes@4.3.2","ansi-escapes","4.3.2","ANSI escape codes for manipulating the terminal","MIT","node_modules/ansi-escapes/license",""
"ansi-regex@5.0.1","ansi-regex","5.0.1","Regular expression for matching ANSI escape codes","MIT","node_modules/ansi-regex/license",""
"ansi-styles@3.2.1","ansi-styles","3.2.1","ANSI escape codes for styling strings in the terminal","MIT","node_modules/license-checker/node_modules/ansi-styles/license",""
"ansi-styles@4.3.0","ansi-styles","4.3.0","ANSI escape codes for styling strings in the terminal","MIT","node_modules/ansi-styles/license",""
"ansi-styles@5.2.0","ansi-styles","5.2.0","ANSI escape codes for styling strings in the terminal","MIT","node_modules/pretty-format/node_modules/ansi-styles/license",""
"anymatch@3.1.3","anymatch","3.1.3","Matches strings against configurable strings, globs, regular expressions, and/or functions","ISC","node_modules/anymatch/LICENSE",""
"arg@4.1.3","arg","4.1.3","Another simple argument parser","MIT","node_modules/arg/LICENSE.md",""
"argparse@1.0.10","argparse","1.0.10","Very powerful CLI arguments parser. Native port of argparse - python's options parsing library","MIT","node_modules/yamljs/node_modules/argparse/LICENSE",""
"argparse@2.0.1","argparse","2.0.1","CLI arguments parser. Native port of python's argparse.","Python-2.0","node_modules/argparse/LICENSE",""
"array-find-index@1.0.2","array-find-index","1.0.2","ES2015 `Array#findIndex()` ponyfill","MIT","node_modules/array-find-index/license",""
"array-flatten@1.1.1","array-flatten","1.1.1","Flatten an array of nested arrays into a single flat array","MIT","node_modules/array-flatten/LICENSE",""
"asap@2.0.6","asap","2.0.6","High-priority task queue for Node.js and browsers","MIT","node_modules/asap/LICENSE.md",""
"asynckit@0.4.0","asynckit","0.4.0","Minimal async jobs utility library, with streams support","MIT","node_modules/asynckit/LICENSE",""
"axios@1.2.2","axios","1.2.2","Promise based HTTP client for the browser and node.js","MIT","node_modules/axios/LICENSE",""
"babel-jest@29.3.1","babel-jest","29.3.1","Jest plugin to use babel for transformation.","MIT","node_modules/babel-jest/LICENSE",""
"babel-plugin-istanbul@6.1.1","babel-plugin-istanbul","6.1.1","A babel plugin that adds istanbul instrumentation to ES6 code","BSD-3-Clause","node_modules/babel-plugin-istanbul/LICENSE",""
"babel-plugin-jest-hoist@29.2.0","babel-plugin-jest-hoist","29.2.0","Babel plugin to hoist `jest.disableAutomock`, `jest.enableAutomock`, `jest.unmock`, `jest.mock`, calls above `import` statements. This plugin is automatically included when using [babel-jest](https://github.com/facebook/jest/tree/main/packages/babel-jest).","MIT","node_modules/babel-plugin-jest-hoist/LICENSE",""
"babel-preset-current-node-syntax@1.0.1","babel-preset-current-node-syntax","1.0.1","A Babel preset that enables parsing of proposals supported by the current Node.js version.","MIT","node_modules/babel-preset-current-node-syntax/LICENSE",""
"babel-preset-jest@29.2.0","babel-preset-jest","29.2.0","> Babel preset for all Jest plugins. This preset is automatically included when using [babel-jest](https://github.com/facebook/jest/tree/main/packages/babel-jest).","MIT","node_modules/babel-preset-jest/LICENSE",""
"balanced-match@1.0.2","balanced-match","1.0.2","Match balanced character pairs, like "{" and "}"","MIT","node_modules/balanced-match/LICENSE.md",""
"binary-extensions@2.2.0","binary-extensions","2.2.0","List of binary file extensions","MIT","node_modules/binary-extensions/license",""
"bluebird@3.7.2","bluebird","3.7.2","Full featured Promises/A+ implementation with exceptionally good performance","MIT","node_modules/bluebird/LICENSE",""
"body-parser@1.20.1","body-parser","1.20.1","Node.js body parsing middleware","MIT","node_modules/body-parser/LICENSE",""
"boxen@5.1.2","boxen","5.1.2","Create boxes in the terminal","MIT","node_modules/boxen/license",""
"brace-expansion@1.1.11","brace-expansion","1.1.11","Brace expansion as known from sh/bash","MIT","node_modules/brace-expansion/LICENSE",""
"braces@3.0.2","braces","3.0.2","Bash-like brace expansion, implemented in JavaScript. Safer than other brace expansion libs, with complete support for the Bash 4.3 braces specification, without sacrificing speed.","MIT","node_modules/braces/LICENSE",""
"browserslist@4.21.4","browserslist","4.21.4","Share target browsers between different front-end tools, like Autoprefixer, Stylelint and babel-env-preset","MIT","node_modules/browserslist/LICENSE",""
"bs-logger@0.2.6","bs-logger","0.2.6","Bare simple logger for NodeJS","MIT","node_modules/bs-logger/LICENSE",""
"bser@2.1.1","bser","2.1.1","JavaScript implementation of the BSER Binary Serialization","Apache-2.0","node_modules/bser/README.md",""
"buffer-from@1.1.2","buffer-from","1.1.2","A [ponyfill](https://ponyfill.com) for `Buffer.from`, uses native implementation if available.","MIT","node_modules/buffer-from/LICENSE",""
"bytes@3.1.2","bytes","3.1.2","Utility to parse a string bytes to bytes and vice-versa","MIT","node_modules/bytes/LICENSE",""
"cacheable-request@6.1.0","cacheable-request","6.1.0","Wrap native HTTP requests with RFC compliant cache support","MIT","node_modules/cacheable-request/LICENSE",""
"call-bind@1.0.2","call-bind","1.0.2","Robustly `.call.bind()` a function","MIT","node_modules/call-bind/LICENSE",""
"call-me-maybe@1.0.2","call-me-maybe","1.0.2","Let your JS API users either give you a callback or receive a promise","MIT","node_modules/call-me-maybe/LICENSE",""
"callsites@3.1.0","callsites","3.1.0","Get callsites from the V8 stack trace API","MIT","node_modules/callsites/license",""
"camelcase@5.3.1","camelcase","5.3.1","Convert a dash/dot/underscore/space separated string to camelCase or PascalCase: `foo-bar` â†’ `fooBar`","MIT","node_modules/camelcase/license",""
"camelcase@6.3.0","camelcase","6.3.0","Convert a dash/dot/underscore/space separated string to camelCase or PascalCase: `foo-bar` â†’ `fooBar`","MIT","node_modules/jest-validate/node_modules/camelcase/license",""
"caniuse-lite@1.0.30001441","caniuse-lite","1.0.30001441","A smaller version of caniuse-db, with only the essentials!","CC-BY-4.0","node_modules/caniuse-lite/LICENSE",""
"catharsis@0.9.0","catharsis","0.9.0","A JavaScript parser for Google Closure Compiler and JSDoc type expressions.","MIT","node_modules/catharsis/LICENSE",""
"chalk@2.4.2","chalk","2.4.2","Terminal string styling done right","MIT","node_modules/license-checker/node_modules/chalk/license",""
"chalk@4.1.2","chalk","4.1.2","Terminal string styling done right","MIT","node_modules/chalk/license",""
"char-regex@1.0.2","char-regex","1.0.2","A regex to match any full character, considering weird character ranges.","MIT","node_modules/char-regex/LICENSE",""
"chokidar@3.5.3","chokidar","3.5.3","Minimal and efficient cross-platform file watching library","MIT","node_modules/chokidar/LICENSE",""
"ci-info@2.0.0","ci-info","2.0.0","Get details about the current Continuous Integration environment","MIT","node_modules/is-ci/node_modules/ci-info/LICENSE",""
"ci-info@3.7.0","ci-info","3.7.0","Get details about the current Continuous Integration environment","MIT","node_modules/ci-info/LICENSE",""
"cjs-module-lexer@1.2.2","cjs-module-lexer","1.2.2","Lexes CommonJS modules, returning their named exports metadata","MIT","node_modules/cjs-module-lexer/LICENSE",""
"cli-boxes@2.2.1","cli-boxes","2.2.1","Boxes for use in the terminal","MIT","node_modules/cli-boxes/license",""
"cliui@8.0.1","cliui","8.0.1","easily create complex multi-column command-line-interfaces","ISC","node_modules/cliui/LICENSE.txt",""
"clone-response@1.0.3","clone-response","1.0.3","Clone a Node.js HTTP response stream","MIT","node_modules/clone-response/LICENSE",""
"co@4.6.0","co","4.6.0","generator async control flow goodness","MIT","node_modules/co/LICENSE",""
"collect-v8-coverage@1.0.1","collect-v8-coverage","1.0.1","Use this module to start and stop the V8 inspector manually and collect precise coverage.","MIT","node_modules/collect-v8-coverage/LICENSE",""
"color-convert@1.9.3","color-convert","1.9.3","Plain color conversion functions","MIT","node_modules/license-checker/node_modules/color-convert/LICENSE",""
"color-convert@2.0.1","color-convert","2.0.1","Plain color conversion functions","MIT","node_modules/color-convert/LICENSE",""
"color-name@1.1.3","color-name","1.1.3","A list of color names and its values","MIT","node_modules/license-checker/node_modules/color-name/LICENSE",""
"color-name@1.1.4","color-name","1.1.4","A list of color names and its values","MIT","node_modules/color-name/LICENSE",""
"combined-stream@1.0.8","combined-stream","1.0.8","A stream that emits multiple other streams one after another.","MIT","node_modules/combined-stream/License",""
"commander@4.1.1","commander","4.1.1","the complete solution for node.js command-line programs","MIT","node_modules/commander/LICENSE",""
"commander@6.2.0","commander","6.2.0","the complete solution for node.js command-line programs","MIT","node_modules/swagger-jsdoc/node_modules/commander/LICENSE",""
"commander@9.4.1","commander","9.4.1","the complete solution for node.js command-line programs","MIT","node_modules/z-schema/node_modules/commander/LICENSE",""
"component-emitter@1.3.0","component-emitter","1.3.0","Event emitter","MIT","node_modules/component-emitter/LICENSE",""
"concat-map@0.0.1","concat-map","0.0.1","concatenative mapdashery","MIT","node_modules/concat-map/LICENSE",""
"configstore@5.0.1","configstore","5.0.1","Easily load and save config without having to think about where and how","BSD-2-Clause","node_modules/configstore/license",""
"content-disposition@0.5.4","content-disposition","0.5.4","Create and parse Content-Disposition header","MIT","node_modules/content-disposition/LICENSE",""
"content-type@1.0.4","content-type","1.0.4","Create and parse HTTP Content-Type header","MIT","node_modules/content-type/LICENSE",""
"convert-source-map@1.9.0","convert-source-map","1.9.0","Converts a source-map from/to  different formats and allows adding/changing properties.","MIT","node_modules/@babel/core/node_modules/convert-source-map/LICENSE",""
"convert-source-map@2.0.0","convert-source-map","2.0.0","Converts a source-map from/to  different formats and allows adding/changing properties.","MIT","node_modules/convert-source-map/LICENSE",""
"cookie-signature@1.0.6","cookie-signature","1.0.6","Sign and unsign cookies","MIT","node_modules/cookie-signature/Readme.md",""
"cookie@0.5.0","cookie","0.5.0","HTTP server cookie parsing and serialization","MIT","node_modules/cookie/LICENSE",""
"cookiejar@2.1.3","cookiejar","2.1.3","simple persistent cookiejar system","MIT","node_modules/cookiejar/LICENSE",""
"create-require@1.1.1","create-require","1.1.1","Polyfill for Node.js module.createRequire (<= v12.2.0)","MIT","node_modules/create-require/LICENSE",""
"cross-spawn@7.0.3","cross-spawn","7.0.3","Cross platform child_process#spawn and child_process#spawnSync","MIT","node_modules/cross-spawn/LICENSE",""
"crypto-random-string@2.0.0","crypto-random-string","2.0.0","Generate a cryptographically strong random string","MIT","node_modules/crypto-random-string/license",""
"debug@2.6.9","debug","2.6.9","small debugging utility","MIT","node_modules/debug/LICENSE",""
"debug@3.2.7","debug","3.2.7","small debugging utility","MIT","node_modules/license-checker/node_modules/debug/LICENSE",""
"debug@4.3.4","debug","4.3.4","Lightweight debugging utility for Node.js and the browser","MIT","node_modules/@babel/traverse/node_modules/debug/LICENSE",""
"debuglog@1.0.1","debuglog","1.0.1","backport of util.debuglog from node v0.11","MIT","node_modules/debuglog/LICENSE",""
"decompress-response@3.3.0","decompress-response","3.3.0","Decompress a HTTP response if needed","MIT","node_modules/decompress-response/license",""
"dedent@0.7.0","dedent","0.7.0","An ES6 string tag that strips indentation from multi-line strings","MIT","node_modules/dedent/LICENSE",""
"deep-extend@0.6.0","deep-extend","0.6.0","Recursive object extending","MIT","node_modules/deep-extend/LICENSE",""
"deepmerge@4.2.2","deepmerge","4.2.2","A library for deep (recursive) merging of Javascript objects","MIT","node_modules/deepmerge/license.txt",""
"defer-to-connect@1.1.3","defer-to-connect","1.1.3","The safe way to handle the `connect` socket event","MIT","node_modules/defer-to-connect/LICENSE",""
"delayed-stream@1.0.0","delayed-stream","1.0.0","Buffers events from a stream until you are ready to handle them.","MIT","node_modules/delayed-stream/License",""
"depd@2.0.0","depd","2.0.0","Deprecate all the things","MIT","node_modules/depd/LICENSE",""
"destroy@1.2.0","destroy","1.2.0","destroy a stream if possible","MIT","node_modules/destroy/LICENSE",""
"detect-newline@3.1.0","detect-newline","3.1.0","Detect the dominant newline character of a string","MIT","node_modules/detect-newline/license",""
"dezalgo@1.0.4","dezalgo","1.0.4","Contain async insanity so that the dark pony lord doesn't eat souls","ISC","node_modules/dezalgo/LICENSE",""
"diff-sequences@29.3.1","diff-sequences","29.3.1","Compare items in two sequences to find a longest common subsequence","MIT","node_modules/diff-sequences/LICENSE",""
"diff@4.0.2","diff","4.0.2","A javascript text diff implementation.","BSD-3-Clause","node_modules/diff/LICENSE",""
"doctrine@3.0.0","doctrine","3.0.0","JSDoc parser","Apache-2.0","node_modules/doctrine/LICENSE",""
"dot-prop@5.3.0","dot-prop","5.3.0","Get, set, or delete a property from a nested object using a dot path","MIT","node_modules/dot-prop/license",""
"dotenv@16.0.3","dotenv","16.0.3","Loads environment variables from .env file","BSD-2-Clause","node_modules/dotenv/LICENSE",""
"duplexer3@0.1.5","duplexer3","0.1.5","Like duplexer but using streams3","BSD-3-Clause","node_modules/duplexer3/license",""
"ee-first@1.1.1","ee-first","1.1.1","return the first event in a set of ee/event pairs","MIT","node_modules/ee-first/LICENSE",""
"electron-to-chromium@1.4.284","electron-to-chromium","1.4.284","Provides a list of electron-to-chromium version mappings","ISC","node_modules/electron-to-chromium/LICENSE",""
"emittery@0.13.1","emittery","0.13.1","Simple and modern async event emitter","MIT","node_modules/emittery/license",""
"emoji-regex@8.0.0","emoji-regex","8.0.0","A regular expression to match all Emoji-only symbols as per the Unicode Standard.","MIT","node_modules/emoji-regex/LICENSE-MIT.txt",""
"encodeurl@1.0.2","encodeurl","1.0.2","Encode a URL to a percent-encoded form, excluding already-encoded sequences","MIT","node_modules/encodeurl/LICENSE",""
"end-of-stream@1.4.4","end-of-stream","1.4.4","Call a callback when a readable/writable/duplex stream has completed or failed.","MIT","node_modules/end-of-stream/LICENSE",""
"entities@2.1.0","entities","2.1.0","Encode & decode XML and HTML entities with ease","BSD-2-Clause","node_modules/entities/LICENSE",""
"error-ex@1.3.2","error-ex","1.3.2","Easy error subclassing and stack customization","MIT","node_modules/error-ex/LICENSE",""
"escalade@3.1.1","escalade","3.1.1","A tiny (183B to 210B) and fast utility to ascend parent directories","MIT","node_modules/escalade/license",""
"escape-goat@2.1.1","escape-goat","2.1.1","Escape a string for use in HTML or the inverse","MIT","node_modules/escape-goat/license",""
"escape-html@1.0.3","escape-html","1.0.3","Escape string for use in HTML","MIT","node_modules/escape-html/LICENSE",""
"escape-string-regexp@1.0.5","escape-string-regexp","1.0.5","Escape RegExp special characters","MIT","node_modules/license-checker/node_modules/escape-string-regexp/license",""
"escape-string-regexp@2.0.0","escape-string-regexp","2.0.0","Escape RegExp special characters","MIT","node_modules/escape-string-regexp/license",""
"esprima@4.0.1","esprima","4.0.1","ECMAScript parsing infrastructure for multipurpose analysis","BSD-2-Clause","node_modules/esprima/LICENSE.BSD",""
"esutils@2.0.3","esutils","2.0.3","utility box for ECMAScript language tools","BSD-2-Clause","node_modules/esutils/LICENSE.BSD",""
"etag@1.8.1","etag","1.8.1","Create simple HTTP ETags","MIT","node_modules/etag/LICENSE",""
"execa@5.1.1","execa","5.1.1","Process execution for humans","MIT","node_modules/execa/license",""
"exit@0.1.2","exit","0.1.2","A replacement for process.exit that ensures stdio are fully drained before exiting.","MIT","node_modules/exit/LICENSE-MIT",""
"expect@29.3.1","expect","29.3.1","This package exports the `expect` function used in [Jest](https://jestjs.io/). You can find its documentation [on Jest's website](https://jestjs.io/docs/expect).","MIT","node_modules/expect/LICENSE",""
"express@4.18.2","express","4.18.2","Fast, unopinionated, minimalist web framework","MIT","node_modules/express/LICENSE",""
"fast-deep-equal@3.1.3","fast-deep-equal","3.1.3","Fast deep equal","MIT","node_modules/fast-deep-equal/LICENSE",""
"fast-json-stable-stringify@2.1.0","fast-json-stable-stringify","2.1.0","deterministic `JSON.stringify()` - a faster version of substack's json-stable-strigify without jsonify","MIT","node_modules/fast-json-stable-stringify/LICENSE",""
"fast-safe-stringify@2.1.1","fast-safe-stringify","2.1.1","Safely and quickly serialize JavaScript objects","MIT","node_modules/fast-safe-stringify/LICENSE",""
"fast-xml-parser@4.0.12","fast-xml-parser","4.0.12","Validate XML, Parse XML, Build XML without C/C++ based libraries","MIT","node_modules/fast-xml-parser/LICENSE",""
"fb-watchman@2.0.2","fb-watchman","2.0.2","Bindings for the Watchman file watching service","Apache-2.0","node_modules/fb-watchman/README.md",""
"fill-range@7.0.1","fill-range","7.0.1","Fill in a range of numbers or letters, optionally passing an increment or `step` to use, or create a regex-compatible range with `options.toRegex`","MIT","node_modules/fill-range/LICENSE",""
"finalhandler@1.2.0","finalhandler","1.2.0","Node.js final http responder","MIT","node_modules/finalhandler/LICENSE",""
"find-up@4.1.0","find-up","4.1.0","Find a file or directory by walking up parent directories","MIT","node_modules/find-up/license",""
"follow-redirects@1.15.2","follow-redirects","1.15.2","HTTP and HTTPS modules that follow redirects.","MIT","node_modules/follow-redirects/LICENSE",""
"form-data@4.0.0","form-data","4.0.0","A library to create readable "multipart/form-data" streams. Can be used to submit forms and file uploads to other web applications.","MIT","node_modules/form-data/License",""
"formidable@2.1.1","formidable","2.1.1","A node.js module for parsing form data, especially file uploads.","MIT","node_modules/formidable/LICENSE",""
"forwarded@0.2.0","forwarded","0.2.0","Parse HTTP X-Forwarded-For header","MIT","node_modules/forwarded/LICENSE",""
"fresh@0.5.2","fresh","0.5.2","HTTP response freshness testing","MIT","node_modules/fresh/LICENSE",""
"fs.realpath@1.0.0","fs.realpath","1.0.0","Use node's fs.realpath, but fall back to the JS implementation if the native one fails","ISC","node_modules/fs.realpath/LICENSE",""
"fs@0.0.1-security","fs","0.0.1-security","This package name is not currently in use, but was formerly occupied by another package. To avoid malicious use, npm is hanging on to the package name, but loosely, and we'll probably give it to you if you want it.","ISC","node_modules/fs/README.md",""
"fsevents@2.3.2","fsevents","2.3.2","Native Access to MacOS FSEvents","MIT","node_modules/fsevents/LICENSE",""
"function-bind@1.1.1","function-bind","1.1.1","Implementation of Function.prototype.bind","MIT","node_modules/function-bind/LICENSE",""
"gensync@1.0.0-beta.2","gensync","1.0.0-beta.2","Allows users to use generators in order to write common functions that can be both sync or async.","MIT","node_modules/gensync/LICENSE",""
"get-caller-file@2.0.5","get-caller-file","2.0.5","[![Build Status](https://travis-ci.org/stefanpenner/get-caller-file.svg?branch=master)](https://travis-ci.org/stefanpenner/get-caller-file) [![Build status](https://ci.appveyor.com/api/projects/status/ol2q94g1932cy14a/branch/master?svg=true)](https://ci.appveyor.com/project/embercli/get-caller-file/branch/master)","ISC","node_modules/get-caller-file/LICENSE.md",""
"get-intrinsic@1.1.3","get-intrinsic","1.1.3","Get and robustly cache all JS language-level intrinsics at first require time","MIT","node_modules/get-intrinsic/LICENSE",""
"get-package-type@0.1.0","get-package-type","0.1.0","Determine the `package.json#type` which applies to a location","MIT","node_modules/get-package-type/LICENSE",""
"get-stream@4.1.0","get-stream","4.1.0","Get a stream as a string, buffer, or array","MIT","node_modules/got/node_modules/get-stream/license",""
"get-stream@5.2.0","get-stream","5.2.0","Get a stream as a string, buffer, or array","MIT","node_modules/cacheable-request/node_modules/get-stream/license",""
"get-stream@6.0.1","get-stream","6.0.1","Get a stream as a string, buffer, or array","MIT","node_modules/get-stream/license",""
"glob-parent@5.1.2","glob-parent","5.1.2","Extract the non-magic parent path from a glob string.","ISC","node_modules/glob-parent/LICENSE",""
"glob@7.1.6","glob","7.1.6","a little globber","ISC","node_modules/swagger-jsdoc/node_modules/glob/LICENSE",""
"glob@7.2.3","glob","7.2.3","a little globber","ISC","node_modules/glob/LICENSE",""
"global-dirs@3.0.1","global-dirs","3.0.1","Get the directory of globally installed packages and binaries","MIT","node_modules/global-dirs/license",""
"globals@11.12.0","globals","11.12.0","Global identifiers from different JavaScript environments","MIT","node_modules/globals/license",""
"got@9.6.0","got","9.6.0","Simplified HTTP requests","MIT","node_modules/got/license",""
"graceful-fs@4.2.10","graceful-fs","4.2.10","A drop-in replacement for fs, making various improvements.","ISC","node_modules/graceful-fs/LICENSE",""
"graphlib@2.1.8","graphlib","2.1.8","A directed and undirected multi-graph library","MIT","node_modules/graphlib/LICENSE",""
"has-flag@3.0.0","has-flag","3.0.0","Check if argv has a specific flag","MIT","node_modules/license-checker/node_modules/has-flag/license",""
"has-flag@4.0.0","has-flag","4.0.0","Check if argv has a specific flag","MIT","node_modules/has-flag/license",""
"has-symbols@1.0.3","has-symbols","1.0.3","Determine if the JS environment has Symbol support. Supports spec, or shams.","MIT","node_modules/has-symbols/LICENSE",""
"has-yarn@2.1.0","has-yarn","2.1.0","Check if a project is using Yarn","MIT","node_modules/has-yarn/license",""
"has@1.0.3","has","1.0.3","Object.prototype.hasOwnProperty.call shortcut","MIT","node_modules/has/LICENSE-MIT",""
"hexoid@1.0.0","hexoid","1.0.0","A tiny (190B) and extremely fast utility to generate random IDs of fixed length","MIT","node_modules/hexoid/license",""
"hosted-git-info@2.8.9","hosted-git-info","2.8.9","Provides metadata and conversions from repository urls for Github, Bitbucket and Gitlab","ISC","node_modules/hosted-git-info/LICENSE",""
"html-escaper@2.0.2","html-escaper","2.0.2","fast and safe way to escape and unescape &<>'" chars","MIT","node_modules/html-escaper/LICENSE.txt",""
"http-cache-semantics@4.1.0","http-cache-semantics","4.1.0","Parses Cache-Control and other headers. Helps building correct HTTP caches and proxies","BSD-2-Clause","node_modules/http-cache-semantics/LICENSE",""
"http-errors@2.0.0","http-errors","2.0.0","Create HTTP error objects","MIT","node_modules/http-errors/LICENSE",""
"human-signals@2.1.0","human-signals","2.1.0","Human-friendly process signals","Apache-2.0","node_modules/human-signals/LICENSE",""
"iconv-lite@0.4.24","iconv-lite","0.4.24","Convert character encodings in pure javascript.","MIT","node_modules/iconv-lite/LICENSE",""
"ignore-by-default@1.0.1","ignore-by-default","1.0.1","A list of directories you should ignore by default","ISC","node_modules/ignore-by-default/LICENSE",""
"import-lazy@2.1.0","import-lazy","2.1.0","Import modules lazily","MIT","node_modules/import-lazy/license",""
"import-local@3.1.0","import-local","3.1.0","Let a globally installed package use a locally installed version of itself if available","MIT","node_modules/import-local/license",""
"imurmurhash@0.1.4","imurmurhash","0.1.4","An incremental implementation of MurmurHash3","MIT","node_modules/imurmurhash/README.md",""
"inflight@1.0.6","inflight","1.0.6","Add callbacks to requests in flight to avoid async duplication","ISC","node_modules/inflight/LICENSE",""
"inherits@2.0.4","inherits","2.0.4","Browser-friendly inheritance fully compatible with standard node.js inherits()","ISC","node_modules/inherits/LICENSE",""
"ini@1.3.8","ini","1.3.8","An ini encoder/decoder for node","ISC","node_modules/rc/node_modules/ini/LICENSE",""
"ini@2.0.0","ini","2.0.0","An ini encoder/decoder for node","ISC","node_modules/ini/LICENSE",""
"ipaddr.js@1.9.1","ipaddr.js","1.9.1","A library for manipulating IPv4 and IPv6 addresses in JavaScript.","MIT","node_modules/ipaddr.js/LICENSE",""
"is-arrayish@0.2.1","is-arrayish","0.2.1","Determines if an object can be used as an array","MIT","node_modules/is-arrayish/LICENSE",""
"is-binary-path@2.1.0","is-binary-path","2.1.0","Check if a file path is a binary file","MIT","node_modules/is-binary-path/license",""
"is-ci@2.0.0","is-ci","2.0.0","Detect if the current environment is a CI server","MIT","node_modules/is-ci/LICENSE",""
"is-core-module@2.11.0","is-core-module","2.11.0","Is this specifier a node.js core module?","MIT","node_modules/is-core-module/LICENSE",""
"is-extglob@2.1.1","is-extglob","2.1.1","Returns true if a string has an extglob.","MIT","node_modules/is-extglob/LICENSE",""
"is-fullwidth-code-point@3.0.0","is-fullwidth-code-point","3.0.0","Check if the character represented by a given Unicode code point is fullwidth","MIT","node_modules/is-fullwidth-code-point/license",""
"is-generator-fn@2.1.0","is-generator-fn","2.1.0","Check if something is a generator function","MIT","node_modules/is-generator-fn/license",""
"is-glob@4.0.3","is-glob","4.0.3","Returns `true` if the given string looks like a glob pattern or an extglob pattern. This makes it easy to create code that only uses external modules like node-glob when necessary, resulting in much faster code execution and initialization time, and a better user experience.","MIT","node_modules/is-glob/LICENSE",""
"is-installed-globally@0.4.0","is-installed-globally","0.4.0","Check if your package was installed globally","MIT","node_modules/is-installed-globally/license",""
"is-npm@5.0.0","is-npm","5.0.0","Check if your code is running as an npm script","MIT","node_modules/is-npm/license",""
"is-number@7.0.0","is-number","7.0.0","Returns true if a number or string value is a finite number. Useful for regex matches, parsing, user input, etc.","MIT","node_modules/is-number/LICENSE",""
"is-obj@2.0.0","is-obj","2.0.0","Check if a value is an object","MIT","node_modules/is-obj/license",""
"is-path-inside@3.0.3","is-path-inside","3.0.3","Check if a path is inside another path","MIT","node_modules/is-path-inside/license",""
"is-stream@2.0.1","is-stream","2.0.1","Check if something is a Node.js stream","MIT","node_modules/is-stream/license",""
"is-typedarray@1.0.0","is-typedarray","1.0.0","Detect whether or not an object is a Typed Array","MIT","node_modules/is-typedarray/LICENSE.md",""
"is-yarn-global@0.3.0","is-yarn-global","0.3.0","Check if installed by yarn globally without any `fs` calls","MIT","node_modules/is-yarn-global/LICENSE",""
"isexe@2.0.0","isexe","2.0.0","Minimal module to check if a file is executable.","ISC","node_modules/isexe/LICENSE",""
"istanbul-lib-coverage@3.2.0","istanbul-lib-coverage","3.2.0","Data library for istanbul coverage objects","BSD-3-Clause","node_modules/istanbul-lib-coverage/LICENSE",""
"istanbul-lib-instrument@5.2.1","istanbul-lib-instrument","5.2.1","Core istanbul API for JS code coverage","BSD-3-Clause","node_modules/istanbul-lib-instrument/LICENSE",""
"istanbul-lib-report@3.0.0","istanbul-lib-report","3.0.0","Base reporting library for istanbul","BSD-3-Clause","node_modules/istanbul-lib-report/LICENSE",""
"istanbul-lib-source-maps@4.0.1","istanbul-lib-source-maps","4.0.1","Source maps support for istanbul","BSD-3-Clause","node_modules/istanbul-lib-source-maps/LICENSE",""
"istanbul-reports@3.1.5","istanbul-reports","3.1.5","istanbul reports","BSD-3-Clause","node_modules/istanbul-reports/LICENSE",""
"jest-changed-files@29.2.0","jest-changed-files","29.2.0","A module used internally by Jest to check which files have changed since you last committed in git or hg.","MIT","node_modules/jest-changed-files/LICENSE",""
"jest-circus@29.3.1","jest-circus","29.3.1","[type-definitions]: https://github.com/facebook/jest/blob/main/packages/jest-types/src/Circus.ts","MIT","node_modules/jest-circus/LICENSE",""
"jest-cli@29.3.1","jest-cli","29.3.1","Delightful JavaScript Testing.","MIT","node_modules/jest-cli/LICENSE",""
"jest-config@29.3.1","jest-config","29.3.1","","MIT","node_modules/jest-config/LICENSE",""
"jest-diff@29.3.1","jest-diff","29.3.1","Display differences clearly so people can review changes confidently.","MIT","node_modules/jest-diff/LICENSE",""
"jest-docblock@29.2.0","jest-docblock","29.2.0","`jest-docblock` is a package that can extract and parse a specially-formatted comment called a "docblock" at the top of a file.","MIT","node_modules/jest-docblock/LICENSE",""
"jest-each@29.3.1","jest-each","29.3.1","Parameterised tests for Jest","MIT","node_modules/jest-each/LICENSE",""
"jest-environment-node@29.3.1","jest-environment-node","29.3.1","","MIT","node_modules/jest-environment-node/LICENSE",""
"jest-get-type@29.2.0","jest-get-type","29.2.0","A utility function to get the type of a value","MIT","node_modules/jest-get-type/LICENSE",""
"jest-haste-map@29.3.1","jest-haste-map","29.3.1","","MIT","node_modules/jest-haste-map/LICENSE",""
"jest-leak-detector@29.3.1","jest-leak-detector","29.3.1","Module for verifying whether an object has been garbage collected or not.","MIT","node_modules/jest-leak-detector/LICENSE",""
"jest-matcher-utils@29.3.1","jest-matcher-utils","29.3.1","A set of utility functions for expect and related packages","MIT","node_modules/jest-matcher-utils/LICENSE",""
"jest-message-util@29.3.1","jest-message-util","29.3.1","","MIT","node_modules/jest-message-util/LICENSE",""
"jest-mock@29.3.1","jest-mock","29.3.1","**Note:** More details on user side API can be found in [Jest documentation](https://jestjs.io/docs/mock-function-api).","MIT","node_modules/jest-mock/LICENSE",""
"jest-pnp-resolver@1.2.3","jest-pnp-resolver","1.2.3","plug'n'play resolver for Webpack","MIT","node_modules/jest-pnp-resolver/README.md",""
"jest-regex-util@29.2.0","jest-regex-util","29.2.0","","MIT","node_modules/jest-regex-util/LICENSE",""
"jest-resolve-dependencies@29.3.1","jest-resolve-dependencies","29.3.1","","MIT","node_modules/jest-resolve-dependencies/LICENSE",""
"jest-resolve@29.3.1","jest-resolve","29.3.1","","MIT","node_modules/jest-resolve/LICENSE",""
"jest-runner@29.3.1","jest-runner","29.3.1","","MIT","node_modules/jest-runner/LICENSE",""
"jest-runtime@29.3.1","jest-runtime","29.3.1","","MIT","node_modules/jest-runtime/LICENSE",""
"jest-snapshot@29.3.1","jest-snapshot","29.3.1","","MIT","node_modules/jest-snapshot/LICENSE",""
"jest-util@29.3.1","jest-util","29.3.1","","MIT","node_modules/jest-util/LICENSE",""
"jest-validate@29.3.1","jest-validate","29.3.1","Generic configuration validation tool that helps you with warnings, errors and deprecation messages as well as showing users examples of correct configuration.","MIT","node_modules/jest-validate/LICENSE",""
"jest-watcher@29.3.1","jest-watcher","29.3.1","Delightful JavaScript Testing.","MIT","node_modules/jest-watcher/LICENSE",""
"jest-worker@29.3.1","jest-worker","29.3.1","Module for executing heavy tasks under forked processes in parallel, by providing a `Promise` based interface, minimum overhead, and bound workers.","MIT","node_modules/jest-worker/LICENSE",""
"jest@29.3.1","jest","29.3.1","Delightful JavaScript Testing.","MIT","node_modules/jest/LICENSE",""
"js-tokens@4.0.0","js-tokens","4.0.0","A regex that tokenizes JavaScript.","MIT","node_modules/js-tokens/LICENSE",""
"js-yaml@3.14.1","js-yaml","3.14.1","YAML 1.2 parser and serializer","MIT","node_modules/@istanbuljs/load-nyc-config/node_modules/js-yaml/LICENSE",""
"js-yaml@4.1.0","js-yaml","4.1.0","YAML 1.2 parser and serializer","MIT","node_modules/js-yaml/LICENSE",""
"js2xmlparser@4.0.2","js2xmlparser","4.0.2","Parses JavaScript objects into XML","Apache-2.0","node_modules/js2xmlparser/LICENSE",""
"jsdoc@4.0.0","jsdoc","4.0.0","An API documentation generator for JavaScript.","Apache-2.0","node_modules/jsdoc/LICENSE.md",""
"jsesc@2.5.2","jsesc","2.5.2","Given some data, jsesc returns the shortest possible stringified & ASCII-safe representation of that data.","MIT","node_modules/jsesc/LICENSE-MIT.txt",""
"json-buffer@3.0.0","json-buffer","3.0.0","JSON parse & stringify that supports binary via bops & base64","MIT","node_modules/json-buffer/LICENSE",""
"json-parse-even-better-errors@2.3.1","json-parse-even-better-errors","2.3.1","JSON.parse with context information on error","MIT","node_modules/json-parse-even-better-errors/LICENSE.md",""
"json-refs@3.0.15","json-refs","3.0.15","Various utilities for JSON References (http://tools.ietf.org/html/draft-pbryan-zyp-json-ref-03).","MIT","node_modules/json-refs/LICENSE",""
"json-schema-traverse@1.0.0","json-schema-traverse","1.0.0","Traverse JSON Schema passing each schema object to callback","MIT","node_modules/json-schema-traverse/LICENSE",""
"json5@2.2.2","json5","2.2.2","JSON for Humans","MIT","node_modules/json5/LICENSE.md",""
"keyv@3.1.0","keyv","3.1.0","Simple key-value storage with support for multiple backends","MIT","node_modules/keyv/LICENSE",""
"klaw@3.0.0","klaw","3.0.0","File system walker with Readable stream interface.","MIT","node_modules/klaw/LICENSE",""
"kleur@3.0.3","kleur","3.0.3","The fastest Node.js library for formatting terminal text with ANSI colors~!","MIT","node_modules/kleur/license",""
"latest-version@5.1.0","latest-version","5.1.0","Get the latest version of an npm package","MIT","node_modules/latest-version/license",""
"leven@3.1.0","leven","3.1.0","Measure the difference between two strings using the fastest JS implementation of the Levenshtein distance algorithm","MIT","node_modules/leven/license",""
"license-checker@25.0.1","license-checker","25.0.1","Check license info for a package","BSD-3-Clause","node_modules/license-checker/LICENSE",""
"lines-and-columns@1.2.4","lines-and-columns","1.2.4","Maps lines and columns to character offsets and back.","MIT","node_modules/lines-and-columns/LICENSE",""
"linkify-it@3.0.3","linkify-it","3.0.3","Links recognition library with FULL unicode support","MIT","node_modules/linkify-it/LICENSE",""
"locate-path@5.0.0","locate-path","5.0.0","Get the first path that exists on disk of multiple paths","MIT","node_modules/locate-path/license",""
"lodash.get@4.4.2","lodash.get","4.4.2","The lodash method `_.get` exported as a module.","MIT","node_modules/lodash.get/LICENSE",""
"lodash.isequal@4.5.0","lodash.isequal","4.5.0","The Lodash method `_.isEqual` exported as a module.","MIT","node_modules/lodash.isequal/LICENSE",""
"lodash.memoize@4.1.2","lodash.memoize","4.1.2","The lodash method `_.memoize` exported as a module.","MIT","node_modules/lodash.memoize/LICENSE",""
"lodash.mergewith@4.6.2","lodash.mergewith","4.6.2","The Lodash method `_.mergeWith` exported as a module.","MIT","node_modules/lodash.mergewith/LICENSE",""
"lodash@4.17.21","lodash","4.17.21","Lodash modular utilities.","MIT","node_modules/lodash/LICENSE",""
"lowercase-keys@1.0.1","lowercase-keys","1.0.1","Lowercase the keys of an object","MIT","node_modules/lowercase-keys/license",""
"lowercase-keys@2.0.0","lowercase-keys","2.0.0","Lowercase the keys of an object","MIT","node_modules/cacheable-request/node_modules/lowercase-keys/license",""
"lru-cache@5.1.1","lru-cache","5.1.1","A cache object that deletes the least-recently-used items.","ISC","node_modules/lru-cache/LICENSE",""
"lru-cache@6.0.0","lru-cache","6.0.0","A cache object that deletes the least-recently-used items.","ISC","node_modules/jest-snapshot/node_modules/lru-cache/LICENSE",""
"make-dir@3.1.0","make-dir","3.1.0","Make a directory and its parents if needed - Think `mkdir -p`","MIT","node_modules/make-dir/license",""
"make-error@1.3.6","make-error","1.3.6","Make your own error types!","ISC","node_modules/make-error/LICENSE",""
"makeerror@1.0.12","makeerror","1.0.12","A library to make errors.","BSD-3-Clause","node_modules/makeerror/license",""
"markdown-it-anchor@8.6.6","markdown-it-anchor","8.6.6","Header anchors for markdown-it.","Unlicense","node_modules/markdown-it-anchor/README.md",""
"markdown-it@12.3.2","markdown-it","12.3.2","Markdown-it - modern pluggable markdown parser.","MIT","node_modules/markdown-it/LICENSE",""
"marked@4.2.5","marked","4.2.5","A markdown parser built for speed","MIT","node_modules/marked/LICENSE.md",""
"mdurl@1.0.1","mdurl","1.0.1","URL utilities for markdown-it","MIT","node_modules/mdurl/LICENSE",""
"media-typer@0.3.0","media-typer","0.3.0","Simple RFC 6838 media type parser and formatter","MIT","node_modules/media-typer/LICENSE",""
"merge-descriptors@1.0.1","merge-descriptors","1.0.1","Merge objects using descriptors","MIT","node_modules/merge-descriptors/LICENSE",""
"merge-stream@2.0.0","merge-stream","2.0.0","Create a stream that emits events from multiple other streams","MIT","node_modules/merge-stream/LICENSE",""
"metadata-manager@0.1.6","metadata-manager","0.1.6","Metadata manager","Custom: https://gitlab.fokus.fraunhofer.de/learning-technologies/projects/control-connect/mock","LICENSE",""
"methods@1.1.2","methods","1.1.2","HTTP methods that node supports","MIT","node_modules/methods/LICENSE",""
"micromatch@4.0.5","micromatch","4.0.5","Glob matching for javascript/node.js. A replacement and faster alternative to minimatch and multimatch.","MIT","node_modules/micromatch/LICENSE",""
"mime-db@1.52.0","mime-db","1.52.0","Media Type Database","MIT","node_modules/mime-db/LICENSE",""
"mime-types@2.1.35","mime-types","2.1.35","The ultimate javascript content-type utility.","MIT","node_modules/mime-types/LICENSE",""
"mime@1.6.0","mime","1.6.0","A comprehensive library for mime-type mapping","MIT","node_modules/mime/LICENSE",""
"mime@2.6.0","mime","2.6.0","A comprehensive library for mime-type mapping","MIT","node_modules/superagent/node_modules/mime/LICENSE",""
"mimic-fn@2.1.0","mimic-fn","2.1.0","Make a function mimic another one","MIT","node_modules/mimic-fn/license",""
"mimic-response@1.0.1","mimic-response","1.0.1","Mimic a Node.js HTTP response stream","MIT","node_modules/mimic-response/license",""
"minimatch@3.1.2","minimatch","3.1.2","a glob matcher in javascript","ISC","node_modules/minimatch/LICENSE",""
"minimist@1.2.7","minimist","1.2.7","parse argument options","MIT","node_modules/minimist/LICENSE",""
"mkdirp@0.5.6","mkdirp","0.5.6","Recursively mkdir, like `mkdir -p`","MIT","node_modules/license-checker/node_modules/mkdirp/LICENSE",""
"mkdirp@1.0.4","mkdirp","1.0.4","Recursively mkdir, like `mkdir -p`","MIT","node_modules/mkdirp/LICENSE",""
"ms@2.0.0","ms","2.0.0","Tiny milisecond conversion utility","MIT","node_modules/ms/license.md",""
"ms@2.1.2","ms","2.1.2","Tiny millisecond conversion utility","MIT","node_modules/@babel/traverse/node_modules/ms/license.md",""
"ms@2.1.3","ms","2.1.3","Tiny millisecond conversion utility","MIT","node_modules/send/node_modules/ms/license.md",""
"native-promise-only@0.8.1","native-promise-only","0.8.1","Native Promise Only: A polyfill for native ES6 Promises **only**, nothing else.","MIT","node_modules/native-promise-only/README.md",""
"natural-compare@1.4.0","natural-compare","1.4.0","Compare strings containing a mix of letters and numbers in the way a human being would in sort order.","MIT","node_modules/natural-compare/README.md",""
"negotiator@0.6.3","negotiator","0.6.3","HTTP content negotiation","MIT","node_modules/negotiator/LICENSE",""
"node-int64@0.4.0","node-int64","0.4.0","Support for representing 64-bit integers in JavaScript","MIT","node_modules/node-int64/LICENSE",""
"node-releases@2.0.8","node-releases","2.0.8","Node.js releases data","MIT","node_modules/node-releases/LICENSE",""
"nodemon@2.0.16","nodemon","2.0.16","Simple monitor script for use during development of a Node.js app.","MIT","node_modules/nodemon/LICENSE",""
"nopt@1.0.10","nopt","1.0.10","Option parsing for Node, supporting types, shorthands, etc. Used by npm.","MIT","node_modules/touch/node_modules/nopt/LICENSE",""
"nopt@4.0.3","nopt","4.0.3","Option parsing for Node, supporting types, shorthands, etc. Used by npm.","ISC","node_modules/nopt/LICENSE",""
"normalize-package-data@2.5.0","normalize-package-data","2.5.0","Normalizes data that can be found in package.json files.","BSD-2-Clause","node_modules/normalize-package-data/LICENSE",""
"normalize-path@3.0.0","normalize-path","3.0.0","Normalize slashes in a file path to be posix/unix-like forward slashes. Also condenses repeat slashes to a single slash and removes and trailing slashes, unless disabled.","MIT","node_modules/normalize-path/LICENSE",""
"normalize-url@4.5.1","normalize-url","4.5.1","Normalize a URL","MIT","node_modules/normalize-url/license",""
"npm-normalize-package-bin@1.0.1","npm-normalize-package-bin","1.0.1","Turn any flavor of allowable package.json bin into a normalized object","ISC","node_modules/npm-normalize-package-bin/LICENSE",""
"npm-run-path@4.0.1","npm-run-path","4.0.1","Get your PATH prepended with locally installed binaries","MIT","node_modules/npm-run-path/license",""
"object-inspect@1.12.2","object-inspect","1.12.2","string representations of objects in node and the browser","MIT","node_modules/object-inspect/LICENSE",""
"on-finished@2.4.1","on-finished","2.4.1","Execute a callback when a request closes, finishes, or errors","MIT","node_modules/on-finished/LICENSE",""
"once@1.4.0","once","1.4.0","Run a function exactly one time","ISC","node_modules/once/LICENSE",""
"onetime@5.1.2","onetime","5.1.2","Ensure a function is only called once","MIT","node_modules/onetime/license",""
"openapi-types@12.1.0","openapi-types","12.1.0","Types for OpenAPI documents.","MIT","node_modules/openapi-types/LICENSE",""
"os-homedir@1.0.2","os-homedir","1.0.2","Node.js 4 `os.homedir()` ponyfill","MIT","node_modules/os-homedir/license",""
"os-tmpdir@1.0.2","os-tmpdir","1.0.2","Node.js os.tmpdir() ponyfill","MIT","node_modules/os-tmpdir/license",""
"osenv@0.1.5","osenv","0.1.5","Look up environment settings specific to different operating systems","ISC","node_modules/osenv/LICENSE",""
"p-cancelable@1.1.0","p-cancelable","1.1.0","Create a promise that can be canceled","MIT","node_modules/p-cancelable/license",""
"p-limit@2.3.0","p-limit","2.3.0","Run multiple promise-returning & async functions with limited concurrency","MIT","node_modules/p-locate/node_modules/p-limit/license",""
"p-limit@3.1.0","p-limit","3.1.0","Run multiple promise-returning & async functions with limited concurrency","MIT","node_modules/p-limit/license",""
"p-locate@4.1.0","p-locate","4.1.0","Get the first fulfilled promise that satisfies the provided testing function","MIT","node_modules/p-locate/license",""
"p-try@2.2.0","p-try","2.2.0","`Start a promise chain","MIT","node_modules/p-try/license",""
"package-json@6.5.0","package-json","6.5.0","Get metadata of a package from the npm registry","MIT","node_modules/package-json/license",""
"parse-json@5.2.0","parse-json","5.2.0","Parse JSON with more helpful errors","MIT","node_modules/parse-json/license",""
"parseurl@1.3.3","parseurl","1.3.3","parse a url with memoization","MIT","node_modules/parseurl/LICENSE",""
"path-exists@4.0.0","path-exists","4.0.0","Check if a path exists","MIT","node_modules/path-exists/license",""
"path-is-absolute@1.0.1","path-is-absolute","1.0.1","Node.js 0.12 path.isAbsolute() ponyfill","MIT","node_modules/path-is-absolute/license",""
"path-key@3.1.1","path-key","3.1.1","Get the PATH environment variable key cross-platform","MIT","node_modules/path-key/license",""
"path-loader@1.0.12","path-loader","1.0.12","Utility that provides a single API for loading the content of a path/URL.","MIT","node_modules/path-loader/LICENSE",""
"path-parse@1.0.7","path-parse","1.0.7","Node.js path.parse() ponyfill","MIT","node_modules/path-parse/LICENSE",""
"path-to-regexp@0.1.7","path-to-regexp","0.1.7","Express style path to RegExp utility","MIT","node_modules/path-to-regexp/LICENSE",""
"picocolors@1.0.0","picocolors","1.0.0","The tiniest and the fastest library for terminal output formatting with ANSI colors","ISC","node_modules/picocolors/LICENSE",""
"picomatch@2.3.1","picomatch","2.3.1","Blazing fast and accurate glob matcher written in JavaScript, with no dependencies and full support for standard and extended Bash glob features, including braces, extglobs, POSIX brackets, and regular expressions.","MIT","node_modules/picomatch/LICENSE",""
"pirates@4.0.5","pirates","4.0.5","Properly hijack require","MIT","node_modules/pirates/LICENSE",""
"pkg-dir@4.2.0","pkg-dir","4.2.0","Find the root directory of a Node.js project or npm package","MIT","node_modules/pkg-dir/license",""
"prepend-http@2.0.0","prepend-http","2.0.0","Prepend `http://` to humanized URLs like todomvc.com and localhost","MIT","node_modules/prepend-http/license",""
"pretty-format@29.3.1","pretty-format","29.3.1","Stringify any JavaScript value.","MIT","node_modules/pretty-format/LICENSE",""
"prompts@2.4.2","prompts","2.4.2","Lightweight, beautiful and user-friendly prompts","MIT","node_modules/prompts/license",""
"proxy-addr@2.0.7","proxy-addr","2.0.7","Determine address of proxied request","MIT","node_modules/proxy-addr/LICENSE",""
"proxy-from-env@1.1.0","proxy-from-env","1.1.0","Offers getProxyForUrl to get the proxy URL for a URL, respecting the *_PROXY (e.g. HTTP_PROXY) and NO_PROXY environment variables.","MIT","node_modules/proxy-from-env/LICENSE",""
"pstree.remy@1.1.8","pstree.remy","1.1.8","Collects the full tree of processes from /proc","MIT","node_modules/pstree.remy/LICENSE",""
"pump@3.0.0","pump","3.0.0","pipe streams together and close all of them if one of them closes","MIT","node_modules/pump/LICENSE",""
"punycode@2.1.1","punycode","2.1.1","A robust Punycode converter that fully complies to RFC 3492 and RFC 5891, and works on nearly all JavaScript platforms.","MIT","node_modules/punycode/LICENSE-MIT.txt",""
"pupa@2.1.1","pupa","2.1.1","Simple micro templating","MIT","node_modules/pupa/license",""
"qs@6.11.0","qs","6.11.0","A querystring parser that supports nesting and arrays, with a depth limit","BSD-3-Clause","node_modules/qs/LICENSE.md",""
"range-parser@1.2.1","range-parser","1.2.1","Range header field string parser","MIT","node_modules/range-parser/LICENSE",""
"raw-body@2.5.1","raw-body","2.5.1","Get and validate the raw body of a readable stream.","MIT","node_modules/raw-body/LICENSE",""
"rc@1.2.8","rc","1.2.8","hardwired configuration loader","(BSD-2-Clause OR MIT OR Apache-2.0)","node_modules/rc/LICENSE.APACHE2",""
"react-is@18.2.0","react-is","18.2.0","Brand checking of React Elements.","MIT","node_modules/react-is/LICENSE",""
"read-installed@4.0.3","read-installed","4.0.3","Read all the installed packages in a folder, and return a tree structure with all the data.","ISC","node_modules/read-installed/LICENSE",""
"read-package-json@2.1.2","read-package-json","2.1.2","The thing npm uses to read package.json files with semantics and defaults and validation","ISC","node_modules/read-package-json/LICENSE",""
"readable-stream@3.6.0","readable-stream","3.6.0","Streams3, a user-land copy of the stream library from Node.js","MIT","node_modules/readable-stream/LICENSE",""
"readdir-scoped-modules@1.1.0","readdir-scoped-modules","1.1.0","Like `fs.readdir` but handling `@org/module` dirs as if they were a single entry.","ISC","node_modules/readdir-scoped-modules/LICENSE",""
"readdirp@3.6.0","readdirp","3.6.0","Recursive version of fs.readdir with streaming API.","MIT","node_modules/readdirp/LICENSE",""
"registry-auth-token@4.2.2","registry-auth-token","4.2.2","Get the auth token set for an npm registry (if any)","MIT","node_modules/registry-auth-token/LICENSE",""
"registry-url@5.1.0","registry-url","5.1.0","Get the set npm registry URL","MIT","node_modules/registry-url/license",""
"require-directory@2.1.1","require-directory","2.1.1","Recursively iterates over specified directory, require()'ing each file, and returning a nested hash structure containing those modules.","MIT","node_modules/require-directory/LICENSE",""
"require-from-string@2.0.2","require-from-string","2.0.2","Require module from string","MIT","node_modules/require-from-string/license",""
"requizzle@0.2.4","requizzle","0.2.4","Swizzle a little something into your require() calls.","MIT","node_modules/requizzle/LICENSE",""
"resolve-cwd@3.0.0","resolve-cwd","3.0.0","Resolve the path of a module like `require.resolve()` but from the current working directory","MIT","node_modules/resolve-cwd/license",""
"resolve-from@5.0.0","resolve-from","5.0.0","Resolve the path of a module like `require.resolve()` but from a given path","MIT","node_modules/resolve-from/license",""
"resolve.exports@1.1.0","resolve.exports","1.1.0","A tiny (737b), correct, general-purpose, and configurable "exports" resolver without file-system reliance","MIT","node_modules/resolve.exports/license",""
"resolve@1.22.1","resolve","1.22.1","resolve like require.resolve() on behalf of files asynchronously and synchronously","MIT","node_modules/resolve/LICENSE",""
"responselike@1.0.2","responselike","1.0.2","A response-like object for mocking a Node.js HTTP response stream","MIT","node_modules/responselike/LICENSE",""
"safe-buffer@5.2.1","safe-buffer","5.2.1","Safer Node.js Buffer API","MIT","node_modules/safe-buffer/LICENSE",""
"safer-buffer@2.1.2","safer-buffer","2.1.2","Modern Buffer API polyfill without footguns","MIT","node_modules/safer-buffer/LICENSE",""
"semver-diff@3.1.1","semver-diff","3.1.1","Get the diff type of two semver versions: 0.0.1 0.0.2 â†’ patch","MIT","node_modules/semver-diff/license",""
"semver@5.7.1","semver","5.7.1","The semantic version parser used by npm.","ISC","node_modules/normalize-package-data/node_modules/semver/LICENSE",""
"semver@6.3.0","semver","6.3.0","The semantic version parser used by npm.","ISC","node_modules/semver/LICENSE",""
"semver@7.3.8","semver","7.3.8","The semantic version parser used by npm.","ISC","node_modules/jest-snapshot/node_modules/semver/LICENSE",""
"send@0.18.0","send","0.18.0","Better streaming static file server with Range and conditional-GET support","MIT","node_modules/send/LICENSE",""
"serve-static@1.15.0","serve-static","1.15.0","Serve static files","MIT","node_modules/serve-static/LICENSE",""
"setprototypeof@1.2.0","setprototypeof","1.2.0","A small polyfill for Object.setprototypeof","ISC","node_modules/setprototypeof/LICENSE",""
"shebang-command@2.0.0","shebang-command","2.0.0","Get the command from a shebang","MIT","node_modules/shebang-command/license",""
"shebang-regex@3.0.0","shebang-regex","3.0.0","Regular expression for matching a shebang line","MIT","node_modules/shebang-regex/license",""
"side-channel@1.0.4","side-channel","1.0.4","Store information about any JS value in a side channel. Uses WeakMap if available.","MIT","node_modules/side-channel/LICENSE",""
"signal-exit@3.0.7","signal-exit","3.0.7","when you want to fire an event no matter how a process exits.","ISC","node_modules/signal-exit/LICENSE.txt",""
"sisteransi@1.0.5","sisteransi","1.0.5","ANSI escape codes for some terminal swag","MIT","node_modules/sisteransi/license",""
"slash@3.0.0","slash","3.0.0","Convert Windows backslash paths to slash paths","MIT","node_modules/slash/license",""
"slide@1.1.6","slide","1.1.6","A flow control lib small enough to fit on in a slide presentation. Derived live at Oak.JS","ISC","node_modules/slide/LICENSE",""
"source-map-support@0.5.13","source-map-support","0.5.13","Fixes stack traces for files with source maps","MIT","node_modules/source-map-support/LICENSE.md",""
"source-map@0.6.1","source-map","0.6.1","Generates and consumes source maps","BSD-3-Clause","node_modules/source-map/LICENSE",""
"spdx-compare@1.0.0","spdx-compare","1.0.0","compare SPDX license expressions","MIT","node_modules/spdx-compare/LICENSE.md",""
"spdx-correct@3.1.1","spdx-correct","3.1.1","correct invalid SPDX expressions","Apache-2.0","node_modules/spdx-correct/LICENSE",""
"spdx-exceptions@2.3.0","spdx-exceptions","2.3.0","list of SPDX standard license exceptions","CC-BY-3.0","node_modules/spdx-exceptions/README.md",""
"spdx-expression-parse@3.0.1","spdx-expression-parse","3.0.1","parse SPDX license expressions","MIT","node_modules/spdx-expression-parse/LICENSE",""
"spdx-license-ids@3.0.12","spdx-license-ids","3.0.12","A list of SPDX license identifiers","CC0-1.0","node_modules/spdx-license-ids/README.md",""
"spdx-ranges@2.1.1","spdx-ranges","2.1.1","list of SPDX standard license ranges","(MIT AND CC-BY-3.0)","node_modules/spdx-ranges/LICENSE.md",""
"spdx-satisfies@4.0.1","spdx-satisfies","4.0.1","test whether SPDX expressions satisfy licensing criteria","MIT","node_modules/spdx-satisfies/LICENSE",""
"sprintf-js@1.0.3","sprintf-js","1.0.3","JavaScript sprintf implementation","BSD-3-Clause","node_modules/sprintf-js/LICENSE",""
"stack-utils@2.0.6","stack-utils","2.0.6","Captures and cleans stack traces","MIT","node_modules/stack-utils/LICENSE.md",""
"statuses@2.0.1","statuses","2.0.1","HTTP status utility","MIT","node_modules/statuses/LICENSE",""
"string-length@4.0.2","string-length","4.0.2","Get the real length of a string - by correctly counting astral symbols and ignoring ansi escape codes","MIT","node_modules/string-length/license",""
"string-width@4.2.3","string-width","4.2.3","Get the visual width of a string - the number of columns required to display it","MIT","node_modules/string-width/license",""
"string_decoder@1.3.0","string_decoder","1.3.0","The string_decoder module from Node core","MIT","node_modules/string_decoder/LICENSE",""
"strip-ansi@6.0.1","strip-ansi","6.0.1","Strip ANSI escape codes from a string","MIT","node_modules/strip-ansi/license",""
"strip-bom@4.0.0","strip-bom","4.0.0","Strip UTF-8 byte order mark (BOM) from a string","MIT","node_modules/strip-bom/license",""
"strip-final-newline@2.0.0","strip-final-newline","2.0.0","Strip the final newline character from a string/buffer","MIT","node_modules/strip-final-newline/license",""
"strip-json-comments@2.0.1","strip-json-comments","2.0.1","Strip comments from JSON. Lets you use comments in your JSON files!","MIT","node_modules/rc/node_modules/strip-json-comments/license",""
"strip-json-comments@3.1.1","strip-json-comments","3.1.1","Strip comments from JSON. Lets you use comments in your JSON files!","MIT","node_modules/strip-json-comments/license",""
"strnum@1.0.5","strnum","1.0.5","Parse String to Number based on configuration","MIT","node_modules/strnum/LICENSE",""
"superagent@7.1.6","superagent","7.1.6","elegant & feature rich browser / node HTTP with a fluent API","MIT","node_modules/superagent/LICENSE",""
"superagent@8.0.6","superagent","8.0.6","elegant & feature rich browser / node HTTP with a fluent API","MIT","node_modules/supertest/node_modules/superagent/LICENSE",""
"supertest@6.3.3","supertest","6.3.3","SuperAgent driven library for testing HTTP servers","MIT","node_modules/supertest/LICENSE",""
"supports-color@5.5.0","supports-color","5.5.0","Detect whether a terminal supports color","MIT","node_modules/license-checker/node_modules/supports-color/license",""
"supports-color@7.2.0","supports-color","7.2.0","Detect whether a terminal supports color","MIT","node_modules/supports-color/license",""
"supports-color@8.1.1","supports-color","8.1.1","Detect whether a terminal supports color","MIT","node_modules/jest-worker/node_modules/supports-color/license",""
"supports-preserve-symlinks-flag@1.0.0","supports-preserve-symlinks-flag","1.0.0","Determine if the current node version supports the `--preserve-symlinks` flag.","MIT","node_modules/supports-preserve-symlinks-flag/LICENSE",""
"swagger-jsdoc@6.2.7","swagger-jsdoc","6.2.7","Generates swagger doc based on JSDoc","MIT","node_modules/swagger-jsdoc/LICENSE",""
"swagger-parser@10.0.3","swagger-parser","10.0.3","Swagger 2.0 and OpenAPI 3.0 parser and validator for Node and browsers","MIT","node_modules/swagger-parser/LICENSE",""
"test-exclude@6.0.0","test-exclude","6.0.0","test for inclusion or exclusion of paths using globs","ISC","node_modules/test-exclude/LICENSE.txt",""
"tmpl@1.0.5","tmpl","1.0.5","JavaScript micro templates.","BSD-3-Clause","node_modules/tmpl/license",""
"to-fast-properties@2.0.0","to-fast-properties","2.0.0","Force V8 to use fast properties for an object","MIT","node_modules/to-fast-properties/license",""
"to-readable-stream@1.0.0","to-readable-stream","1.0.0","Convert a string/Buffer/Uint8Array to a readable stream","MIT","node_modules/to-readable-stream/license",""
"to-regex-range@5.0.1","to-regex-range","5.0.1","Pass two numbers, get a regex-compatible source string for matching ranges. Validated against more than 2.78 million test assertions.","MIT","node_modules/to-regex-range/LICENSE",""
"toidentifier@1.0.1","toidentifier","1.0.1","Convert a string of words to a JavaScript identifier","MIT","node_modules/toidentifier/LICENSE",""
"touch@3.1.0","touch","3.1.0","like touch(1) in node","ISC","node_modules/touch/LICENSE",""
"treeify@1.1.0","treeify","1.1.0","converts a JS object into a nice and readable tree structure for the console","MIT","node_modules/treeify/LICENSE",""
"ts-jest@29.0.3","ts-jest","29.0.3","A Jest transformer with source map support that lets you use Jest to test projects written in TypeScript","MIT","node_modules/ts-jest/LICENSE.md",""
"ts-node@10.9.1","ts-node","10.9.1","TypeScript execution environment and REPL for node.js, with source map support","MIT","node_modules/ts-node/LICENSE",""
"type-detect@4.0.8","type-detect","4.0.8","Improved typeof detection for node.js and the browser.","MIT","node_modules/type-detect/LICENSE",""
"type-fest@0.20.2","type-fest","0.20.2","A collection of essential TypeScript types","(MIT OR CC0-1.0)","node_modules/boxen/node_modules/type-fest/license",""
"type-fest@0.21.3","type-fest","0.21.3","A collection of essential TypeScript types","(MIT OR CC0-1.0)","node_modules/type-fest/license",""
"type-is@1.6.18","type-is","1.6.18","Infer the content-type of a request.","MIT","node_modules/type-is/LICENSE",""
"typedarray-to-buffer@3.1.5","typedarray-to-buffer","3.1.5","Convert a typed array to a Buffer without a copy","MIT","node_modules/typedarray-to-buffer/LICENSE",""
"typescript@4.9.4","typescript","4.9.4","TypeScript is a language for application scale JavaScript development","Apache-2.0","node_modules/typescript/LICENSE.txt",""
"uc.micro@1.0.6","uc.micro","1.0.6","Micro subset of unicode data files for markdown-it projects.","MIT","node_modules/uc.micro/LICENSE.txt",""
"undefsafe@2.0.5","undefsafe","2.0.5","Undefined safe way of extracting object properties","MIT","node_modules/undefsafe/LICENSE",""
"underscore@1.13.6","underscore","1.13.6","JavaScript's functional programming helper library.","MIT","node_modules/underscore/LICENSE",""
"unique-string@2.0.0","unique-string","2.0.0","Generate a unique random string","MIT","node_modules/unique-string/license",""
"unpipe@1.0.0","unpipe","1.0.0","Unpipe a stream from all destinations","MIT","node_modules/unpipe/LICENSE",""
"update-browserslist-db@1.0.10","update-browserslist-db","1.0.10","CLI tool to update caniuse-lite to refresh target browsers from Browserslist config","MIT","node_modules/update-browserslist-db/LICENSE",""
"update-notifier@5.1.0","update-notifier","5.1.0","Update notifications for your CLI app","BSD-2-Clause","node_modules/update-notifier/license",""
"uri-js@4.4.1","uri-js","4.4.1","An RFC 3986/3987 compliant, scheme extendable URI/IRI parsing/validating/resolving library for JavaScript.","BSD-2-Clause","node_modules/uri-js/LICENSE",""
"url-parse-lax@3.0.0","url-parse-lax","3.0.0","Lax url.parse() with support for protocol-less URLs & IPs","MIT","node_modules/url-parse-lax/license",""
"util-deprecate@1.0.2","util-deprecate","1.0.2","The Node.js `util.deprecate()` function with browser support","MIT","node_modules/util-deprecate/LICENSE",""
"util-extend@1.0.3","util-extend","1.0.3","Node's internal object extension function","MIT","node_modules/util-extend/LICENSE",""
"utils-merge@1.0.1","utils-merge","1.0.1","merge() utility function","MIT","node_modules/utils-merge/LICENSE",""
"v8-compile-cache-lib@3.0.1","v8-compile-cache-lib","3.0.1","Require hook for automatic V8 compile cache persistence","MIT","node_modules/v8-compile-cache-lib/LICENSE",""
"v8-to-istanbul@9.0.1","v8-to-istanbul","9.0.1","convert from v8 coverage format to istanbul's format","ISC","node_modules/v8-to-istanbul/LICENSE.txt",""
"validate-npm-package-license@3.0.4","validate-npm-package-license","3.0.4","Give me a string and I'll tell you if it's a valid npm package license string","Apache-2.0","node_modules/validate-npm-package-license/LICENSE",""
"validator@13.7.0","validator","13.7.0","String validation and sanitization","MIT","node_modules/validator/LICENSE",""
"vary@1.1.2","vary","1.1.2","Manipulate the HTTP Vary header","MIT","node_modules/vary/LICENSE",""
"walker@1.0.8","walker","1.0.8","A simple directory tree walker.","Apache-2.0","node_modules/walker/LICENSE",""
"which@2.0.2","which","2.0.2","Like which(1) unix command. Find the first instance of an executable in the PATH.","ISC","node_modules/which/LICENSE",""
"widest-line@3.1.0","widest-line","3.1.0","Get the visual width of the widest line in a string - the number of columns required to display it","MIT","node_modules/widest-line/license",""
"wrap-ansi@7.0.0","wrap-ansi","7.0.0","Wordwrap a string with ANSI escape codes","MIT","node_modules/wrap-ansi/license",""
"wrappy@1.0.2","wrappy","1.0.2","Callback wrapping utility","ISC","node_modules/wrappy/LICENSE",""
"write-file-atomic@3.0.3","write-file-atomic","3.0.3","Write files in an atomic fashion w/configurable ownership","ISC","node_modules/configstore/node_modules/write-file-atomic/LICENSE",""
"write-file-atomic@4.0.2","write-file-atomic","4.0.2","Write files in an atomic fashion w/configurable ownership","ISC","node_modules/write-file-atomic/LICENSE.md",""
"xdg-basedir@4.0.0","xdg-basedir","4.0.0","Get XDG Base Directory paths","MIT","node_modules/xdg-basedir/license",""
"xmlcreate@2.0.4","xmlcreate","2.0.4","Simple XML builder for Node.js","Apache-2.0","node_modules/xmlcreate/LICENSE",""
"y18n@5.0.8","y18n","5.0.8","the bare-bones internationalization library used by yargs","ISC","node_modules/y18n/LICENSE",""
"yallist@3.1.1","yallist","3.1.1","Yet Another Linked List","ISC","node_modules/yallist/LICENSE",""
"yallist@4.0.0","yallist","4.0.0","Yet Another Linked List","ISC","node_modules/jest-snapshot/node_modules/yallist/LICENSE",""
"yaml@2.0.0-1","yaml","2.0.0-1","JavaScript parser and stringifier for YAML","ISC","node_modules/yaml/LICENSE",""
"yamljs@0.3.0","yamljs","0.3.0","Standalone JavaScript YAML 1.2 Parser & Encoder. Works under node.js and all major browsers. Also brings command line YAML/JSON conversion tools.","MIT","node_modules/yamljs/LICENSE",""
"yargs-parser@21.1.1","yargs-parser","21.1.1","the mighty option parser used by yargs","ISC","node_modules/yargs-parser/LICENSE.txt",""
"yargs@17.6.2","yargs","17.6.2","yargs the modern, pirate-themed, successor to optimist.","MIT","node_modules/yargs/LICENSE",""
"yn@3.1.1","yn","3.1.1","Parse yes/no like values","MIT","node_modules/yn/license",""
"yocto-queue@0.1.0","yocto-queue","0.1.0","Tiny queue data structure","MIT","node_modules/yocto-queue/license",""
"z-schema@5.0.5","z-schema","5.0.5","JSON schema validator","MIT","node_modules/z-schema/LICENSE",""